<?xml version="1.0" encoding="utf-8"?>
<Defs>

  	<ThingDef ParentName="BuildingBase">
    	<defName>PrsProspectMarker</defName>
    	<label>Prospect Marker</label>
    	<description>Indication of deep ores</description>
		<thingClass>Prospecting.ProspectMarker</thingClass>
		<tickerType>Normal</tickerType>
    	<graphicData>
      		<texPath>Things/Building/PrsProspectMarker/PrsProspectMarker</texPath>
      		<graphicClass>Graphic_Single</graphicClass>
			<drawSize>(0.85, 0.85)</drawSize>
			<drawRotated>false</drawRotated>
    	</graphicData>
    	<altitudeLayer>FloorEmplacement</altitudeLayer>
    	<statBases>
      		<WorkToBuild>0</WorkToBuild>
    	</statBases>
    	<rotatable>false</rotatable>
    	<scatterableOnMapGen>false</scatterableOnMapGen>
		<useHitPoints>False</useHitPoints>
    	<passability>Standable</passability>
    	<building>
      		<sowTag>SupportPlantsOnly</sowTag>
      		<canPlaceOverImpassablePlant>false</canPlaceOverImpassablePlant>
      		<ai_chillDestination>false</ai_chillDestination>
    	</building>
		<designationCategory Inherit="false" />
  	</ThingDef>

</Defs>