<?xml version="1.0" encoding="utf-8"?>
<Defs>

	<SoundDef>
    	<defName>Interact_PrsManualDrill</defName>
    	<sustain>True</sustain>
    	<context>MapOnly</context>
    	<eventNames />
		<maxSimultaneous>1</maxSimultaneous> 
    	<priorityMode>PrioritizeNearest</priorityMode>
    	<sustainStartSound></sustainStartSound>
    	<sustainStopSound></sustainStopSound>
    	<subSounds>
      	<li>
        	<muteWhenPaused>True</muteWhenPaused>
        	<grains>
          		<li Class="AudioGrain_Clip">
            		<clipPath>PrsManualDrill/PrsManualDrill</clipPath>
          		</li>
        	</grains>
        	<volumeRange>
          		<min>15</min>
          		<max>15</max>
        	</volumeRange>
        	<pitchRange>
          		<min>0.8304347</min>        
          		<max>1.169566</max>
        	</pitchRange>
        	<sustainLoopDurationRange>
          		<min>4.7</min>        
          		<max>5.0</max>
        	</sustainLoopDurationRange>      
        	<sustainIntervalRange>
          		<min>-0.3294118</min>        
          		<max>-0.3294118</max>
        	</sustainIntervalRange>      
        	<sustainAttack>0.05882355</sustainAttack>      
        	<sustainRelease>0.4823529</sustainRelease>
      	</li>
    	</subSounds>
  	</SoundDef>
	
	<EffecterDef>
    	<defName>PrsManualDrillEff</defName>
    	<children>
      		<li>
        		<subEffecterClass>SubEffecter_Sustainer</subEffecterClass>
        		<soundDef>Interact_PrsManualDrill</soundDef>
      		</li>
      		<li>
        		<subEffecterClass>SubEffecter_SprayerChance</subEffecterClass>
        		<moteDef>Mote_DustSlow</moteDef>
        		<ticksBetweenMotes>60</ticksBetweenMotes>
        		<scale>
          			<min>1.6</min>
          			<max>2.0</max>
        		</scale>
        		<rotationRate>
          			<min>-5</min>
          			<max>5</max>
        		</rotationRate>
        		<angle>
          			<min>30</min>
          			<max>60</max>
        		</angle>
        		<speed>
          			<min>0.4</min>
          			<max>0.9</max>
        		</speed>
      		</li>
    	</children>
  	</EffecterDef>

</Defs>